18776923	BRCA1	HSPA5	Repression	CaOV-3, SKOV-3, MDA-MB-231, MCF-7, T47D	WB, RT-PCR,siRNA knockdown, Overexpression, Luciferase reporter
18776923	BRCA1	GRP94	Repression	CaOV-3, SKOV-3, MDA-MB-231	WB, siRNA KD
18776923	BRCA1	CHOP	Repression	CaOV-3, SKOV-3, MDA-MB-231	WB, siRNA KD
16488890	USF1	P4HA1	Activation	HeLa cells	ChIP, RT-PCR, luciferase reporter assay, 
16488890	USF2	P4HA1	Activation	HeLa cells	luciferase reporter assay, ChIP, siRNA Transfection, RT-PCR
15908194	CEBPZ	SOX9	Unknown	HTB94	EMSA, ChIP,  Luciferase reporter assay
15908194	SOX9	COL2A1	Activation	-	citation
15908194	L-Sox5	COL2A1	Activation	-	citation
15908194	Sox6	COL2A1	Activation	-	citation
15908194	Sox9	COL11A2	Unknown	-	citation
15908194	Sox9	ACAN	Unknown	-	citation
15908194	Sox9	COL9A1	Unknown	-	citation
15908194	NF-κB	Sox9	Unknown	-	citation
15908194	CEBPZ	TOP2A	Unknown	-	citation
15908194	CEBPZ	TK1	Unknown	-	citation
15908194	CEBPZ	E2F1	Unknown	-	citation
15908194	CEBPZ	CDC25C	Unknown		citation
11013233	MAFK	NQO1	Repression	Hep-G2	luciferase reporter assay, Gel Shift/Supershift Assays	MAFK-MAFK, Nrf2-MAFK
11013233	MAFG	NQO1	Repression	Hep-G2	luciferase reporter assay, Gel Shift/Supershift Assays	MAFG-MAFG, Nrf2-MAFK
11013233	MAFK	GSTA1	Repression	Hep-G2	luciferase reporter assay, Gel Shift/Supershift Assays	MAFK-MAFK, Nrf2-MAFK
11013233	MAFG	GSTA1	Repression	Hep-G2	luciferase reporter assay, Gel Shift/Supershift Assays	MAFG-MAFG, Nrf2-MAFK
11013233	Nrf1	NQO1	Activation	-	citation
11013233	Nrf2	NQO1	Activation	-	citation
11013233	Nrf1	GSTA1	Activation	-	citation
11013233	Nrf2	GSTA1	Activation	-	citation
11013233	Nrf1	HMOX1	Activation	-	citation
11013233	Nrf2	HMOX1	Activation	-	citation	
11013233	Nrf1	GCLC	Activation	-	citation
11013233	Nrf2	GCLC	Activation	-	citation	
11013233	MAFK	GCLC	Repression	-	citation	MAFK-MAFK
11013233	MAFG	GCLC	Repression	-	citation	MAFG-MAFG
11013233	MAFK	HBB	Activation	-	citation	MAFK-p45
11013233	MAFG	HBB	Activation	-	citation	MAFG-p45
11013233	MAFK	HBB	Repression	-	citation	MAFK-MAFK
11013233	MAFG	HBB	Repression	-	citation	MAFG-MAFG
18625744	CTCF	CCND1	Unknown	HBL-2 MCL cell line, Granta	ChIP, WB, RT-PCR, immunoFISH
18625744	Oct2	CCND1	Unknown	HBL-2 MCL cell line, Granta	ChIP, WB, RT-PCR
18625744	Sp1	CCND1	Unknown	HBL-2 MCL cell line, Granta	ChIP, WB, RT-PCR
18625744	NPM1	CCND1	Unknown	HBL-2 MCL cell line, Granta, MCF7, NCEB, K562	ChIP, WB, RT-PCR, immunoFISH, shRNA KD, TUNEL assay, IF
18625744	CTCF	IgH	Unknown	HBL-2 MCL cell line, Granta	ChIP, WB, RT-PCR
18625744	Oct2	IgH	Unknown	HBL-2 MCL cell line, Granta	ChIP, WB, RT-PCR
18625744	Sp1	IgH	Unknown	HBL-2 MCL cell line, Granta	ChIP, WB, RT-PCR
18625744	NPM1	IgH	Unknown	HBL-2 MCL cell line, Granta	ChIP, WB, RT-PCR
15184388	USF2	THBS1	Activation	RMCs（tr/cd），MLECs-clone 32	luciferase reporter assay（MLECs-clone 32），EMSA，ChIP, WB, Site-directed Mutagenesis
15184388	USF2	TGFB1	Activation	RMCs（tr/cd），MLECs-clone 32	luciferase reporter assay（MLECs-clone 32），EMSA，ChIP, WB, Site-directed Mutagenesis
15184388	USF1	TGFB1	Activation	-	citation, and isn't found in this essay
15184388	USF1	THBS1	Unknown	RMCs（tr/cd），MLECs-clone 32	luciferase reporter assay（MLECs-clone 32），EMSA，ChIP, WB, Site-directed Mutagenesis
10978529	NFIC	POLD2	Unknown	COS-7	不建议使用这一篇，方法不对
16595680	KLF5	BIRC5	Activation	EU cellline from BCP-ALL patients	EMSA, ChIP, siRNA knockdown, Co-IP, Northern blog, WB
16595680	Sp1	BIRC5	Unknown	Hela cellline	citation
16595680	p53	BIRC5	Repression	-	citation
16595680	TCF	BIRC5	Unknown	-	citation
16595680	KLF4	CDKN1A	Unknown	-	citation	KLF4-p53
16595680	KLF6	IGF-IR	Unknown	-	citation	KLF6-p53
16595680	p53	CDKN1A	Unknown	-	citation	KLF4-p53
16595680	p53	IGF-IR	Unknown	-	citation	KLF6-p53
15195143	E2F4	MCM10	Repression	HCT116	luciferase reporter assay, RT-PCR, ChIP
15195143	E2F4	TOPBP1	Repression	HCT116	luciferase reporter assay, RT-PCR, ChIP
15195143	E2F1	MCM10	Activation	HCT116	luciferase reporter assay, Site-directed Mutagenesis, ChIP, RT-PCR, WB
15195143	E2F2	MCM10	Activation	HCT116	luciferase reporter assay, Site-directed Mutagenesis
15195143	E2F3	MCM10	Activation	HCT116	luciferase reporter assay, Site-directed Mutagenesis
15195143	E2F1	TOPBP1	Activation	HCT116	luciferase reporter assay, Site-directed Mutagenesis, ChIP, RT-PCR, WB
15195143	E2F2	TOPBP1	Activation	HCT116	luciferase reporter assay, Site-directed Mutagenesis
15195143	E2F3	TOPBP1	Activation	HCT116	luciferase reporter assay, Site-directed Mutagenesis
11706010	CTCF	APP	Repression	HeLa, COS-1	Immunodepletion, Mobility Shift Electrophoresis, In Vitro Transcription, in vivo competition
17204573	STAT3	FOS	Activation	primary cells from vastus lateralis	citation, RT-qPCR
17204573	STAT3	JUNB	Activation	primary cells from vastus lateralis	citation, RT-qPCR
17204573	STAT3	MYC	Activation	primary cells from vastus lateralis	citation, RT-qPCR
17204573	STAT3	CCND1	Activation	-	citation
17204573	STAT3	BCL2	Activation	-	citation
17204573	STAT3	BCL2L1	Activation	-	citation
17204573	STAT3	VEGFA	Activation	-primary cells from vastus lateralis	citation, RT-qPCR
19043455	CEBPB	BCL2L1	Unknown	MCF10A	RT-PCR, WB, Luciferase reporter assay, EMSA, ChIP, Site-directed mutagenesis, Overexpression
17932312	EGR1	TNFSF10	Repression	HUVEC	citation
15688019	RUNX3	RUNX1	Repression	DG75, Akata31, IB4, LCL-C	EMSA, RPA, Luciferase reporter assay, WB
15688019	RUNX3	RUNX3	Unknown	-	citation
14642566	NFIC	SMUG1	Activation	Hela, 18Co	luciferase reporter assay, Northern Blog, EMSA, DNase I footprint, site-directed mutagenesis
19290488	RUNX3	CASP3	Activation	AGS, SNU1, primary cells from the representative cancerous lesions and from adjacent noncancerous tissues	TUNEL assay, WB
19290488	RUNX3	CDKN1A	Unknown	-	citation
19290488	RUNX3	CCND1	Repression	-	citation
10082553	UBTF	TAF1B （maybe wrong, protein to protein)）	Unknown	HeLa	Co-IP, In vitro transcription, DNase I footprint assay, SDS-PAGE
10211993	ETS1	PLAU	Unknown	Glioma cells	antisense knockdown, casein zymography
15178343	ARNT	EGLN2	Unknown	primary human smooth muscle cells, HCT116	luciferase reporter assay, ChIP(HCT116), RT-PCR
15735663	ATF7	CCNA2	Unknown	-	citation
10453008	CEBPA	CSF2RB	Unknown	U937	(maybe) EMSA, site-directed mutagenesis
10453008	CEBPB	CSF2RB	Unknown	U937	(maybe) EMSA, site-directed mutagenesis
10453008	CEBPE	CSF2RB	Unknown	HL-60	(maybe) EMSA, site-directed mutagenesis
10453008	SPI1	CSF2RB	Unknown	-	(maybe) citation
